{
  "input": "D:\\#Documents\\GitHub\\obb\\Ion\\ion-0.1-1.jar",
  "output": "D:\\#Documents\\GitHub\\obb\\Ion\\ion-final.jar",
  "exclude": "me.ghosttypes.ion.mixins.**\nme.ghosttypes.ion.modules.chat.PopCounter\nme.ghosttypes.ion.modules.combat.AnvilAura\nme.ghosttypes.ion.modules.misc.elytrabot.**\nme.ghosttypes.ion.modules.chat.Welcomer\nme.ghosttypes.ion.modules.misc.OneTap\nme.ghosttypes.ion.modules.combat.SurroundPlus\nme.ghosttypes.ion.modules.combat.AutoBedCraft",
  "libraries": [],
  "bozarOptions": {
    "rename": "Off",
    "lineNumbers": "Randomize",
    "localVariables": "Obfuscate",
    "removeSourceFile": true,
    "shuffle": true,
    "removeInnerClasses": true,
    "controlFlowObfuscation": "Light",
    "crasher": true,
    "constantObfuscation": "Flow",
    "watermarkOptions": {
      "dummyClassText": "SKIDDY_SKIDS_LOVE_TO_SKID_KEEP_COPING",
      "textInsideClassText": "DONT_WASTE_YOUR_TIME_ION_ALREADY_OWNS_YOUR_PC_LMAO",
      "ldcPopText": "YOUR_MOTHER_IS_GAY_ION_ON_TOP_COPE",
      "zipCommentText": "SKIDDING_IS_FOR_NOOBS_JUST_LEARN_TO_CODE_LOL"
    }
  }
}