{
  "schemaVersion": 1,
  "id": "ion",
  "version": "${version}",
  "name": "Ion",
  "description": "A combat addon for Meteor Client.",
  "authors": [
    "GhostTypes"
  ],
  "contact": {
    "repo": "https://github.com/GhostTypes/orion"
  },
  "icon": "assets/ion/icon.png",
  "environment": "client",
  "entrypoints": {
    "meteor": [
      "me.ghosttypes.ion.Ion"
    ]
  },
  "mixins": [
    "ion.mixins.json"
  ],
  "depends": {
    "java": ">=16",
    "minecraft": ">=1.17.1",
    "meteor-client": ">0.4.3"
  }
}
